{"cameraMode":{"drawMode":0,"name":"Shaded","section":"Shading Mode"},"sceneLighting":true,"audioPlay":false,"sceneViewState":{"showFog":true,"showMaterialUpdate":false,"showSkybox":true,"showFlares":true,"showImageEffects":true,"showParticleSystems":true},"in2DMode":false,"pivot":{"x":361.796630859375,"y":348.4148864746094,"z":133.448486328125},"rotation":{"x":-0.10062533617019654,"y":-0.016998695209622384,"z":0.0017211040249094368,"w":-0.9947932958602905},"size":357.55413818359377,"orthographic":false}