{"cameraMode":{"drawMode":0,"name":"Shaded","section":"Shading Mode"},"sceneLighting":false,"audioPlay":false,"sceneViewState":{"showFog":true,"showMaterialUpdate":false,"showSkybox":false,"showFlares":true,"showImageEffects":true,"showParticleSystems":true},"in2DMode":false,"pivot":{"x":-0.008128720335662365,"y":1.0145848989486695,"z":0.013387657701969147},"rotation":{"x":0.03540303185582161,"y":0.9645976424217224,"z":-0.1863219141960144,"w":0.18331438302993775},"size":1.8175854682922364,"orthographic":false}