{"cameraMode":{"drawMode":0,"name":"Shaded","section":"Shading Mode"},"sceneLighting":false,"audioPlay":false,"sceneViewState":{"showFog":true,"showMaterialUpdate":false,"showSkybox":false,"showFlares":true,"showImageEffects":true,"showParticleSystems":true},"in2DMode":false,"pivot":{"x":6.014198303222656,"y":1.006476640701294,"z":-0.8099998831748962},"rotation":{"x":0.002941365586593747,"y":-0.9914077520370483,"z":0.1289173811674118,"w":0.022597411647439004},"size":1.309585452079773,"orthographic":false}